-- OpenCare — Auto-exported seed data
-- Exported at: 2026-03-03T08:41:55.346545

TRUNCATE audit_logs, emergency_escalations, messages, medications, vitals, tasks, patients, users, hospital_config CASCADE;

-- ─── hospital_config ───
INSERT INTO hospital_config (id, total_wards, beds_per_ward, updated_at) VALUES ('default', 5, 5, '2026-03-03 07:44:35.370523');

-- ─── users ───
INSERT INTO users (id, name, email, password_hash, employee_id, role, assigned_ward, specialization, profile_image, is_active, is_online, created_at, last_login_at) VALUES ('92288ceb-5d4d-434d-b658-89173c874cec', 'Admin', 'admin@geu.ac.in', '8d969eef6ecad3c29a3a629280e686cf0c3f5d5a86aff3ca12020c923adc6c92', '001', 'admin', NULL, NULL, NULL, true, false, '2026-03-03 07:38:25.667906', '2026-03-03 07:44:14.715841');
INSERT INTO users (id, name, email, password_hash, employee_id, role, assigned_ward, specialization, profile_image, is_active, is_online, created_at, last_login_at) VALUES ('f6bd7c09-dd5a-4294-b323-666c05af4452', 'Doctor1', 'doctor@geu.ac.in', '8d969eef6ecad3c29a3a629280e686cf0c3f5d5a86aff3ca12020c923adc6c92', '102', 'doctor', NULL, 'ortho', NULL, true, true, '2026-03-02 21:21:21.148434', '2026-03-03 08:08:47.620104');
INSERT INTO users (id, name, email, password_hash, employee_id, role, assigned_ward, specialization, profile_image, is_active, is_online, created_at, last_login_at) VALUES ('8ff1d5e8-d017-4279-8027-649beadc0a38', 'Nurse1', 'nurse@geu.ac.in', '8d969eef6ecad3c29a3a629280e686cf0c3f5d5a86aff3ca12020c923adc6c92', '101', 'nurse', '1', NULL, NULL, true, true, '2026-03-02 20:54:48.916728', '2026-03-03 08:19:32.620667');

-- ─── patients ───
INSERT INTO patients (id, name, age, gender, diagnosis_summary, ward_number, bed_number, admission_date, attending_doctor_id, attending_doctor_name, allergies, special_notes, is_critical, status, assigned_nurse_id, created_at, updated_at) VALUES ('30531616-d0b3-41c7-9678-07751b57c326', 'Pranav', 20, 'Male', 'headache', 1, 1, '2026-03-02 21:22:03.994746', NULL, 'Doctor1', '[''no'']', 'no', false, 'pending', '8ff1d5e8-d017-4279-8027-649beadc0a38', '2026-03-02 21:22:03.994748', '2026-03-02 21:22:36.187520');
INSERT INTO patients (id, name, age, gender, diagnosis_summary, ward_number, bed_number, admission_date, attending_doctor_id, attending_doctor_name, allergies, special_notes, is_critical, status, assigned_nurse_id, created_at, updated_at) VALUES ('161943fb-998c-4be8-aabb-72d865aa902c', 'Pranavvv', 20, 'Male', 'Severe headache', 1, 2, '2026-03-02 21:26:02.071281', NULL, 'Doctor1', '[''no'']', 'no', true, 'pending', '8ff1d5e8-d017-4279-8027-649beadc0a38', '2026-03-02 21:26:02.071283', '2026-03-02 21:26:28.204222');

-- ─── vitals ───
INSERT INTO vitals (id, patient_id, recorded_by_id, recorded_by_name, timestamp, heart_rate, systolic_bp, diastolic_bp, oxygen_saturation, temperature, respiratory_rate, glucose_level, notes, alerts) VALUES ('f23eaf5d-2247-4048-9c59-9c10b8290c3d', '30531616-d0b3-41c7-9678-07751b57c326', '8ff1d5e8-d017-4279-8027-649beadc0a38', 'Nurse1', '2026-03-02 21:22:26.840073', 120, 120, 60, 60.0, 25.0, 36, 96.0, NULL, '{''heart_rate'': True, ''oxygen_saturation'': True, ''temperature'': True, ''respiratory_rate'': True, ''glucose_level'': False, ''systolic_bp'': False, ''diastolic_bp'': False}');
INSERT INTO vitals (id, patient_id, recorded_by_id, recorded_by_name, timestamp, heart_rate, systolic_bp, diastolic_bp, oxygen_saturation, temperature, respiratory_rate, glucose_level, notes, alerts) VALUES ('ba8ab090-1546-4d73-9d4d-20626d42f681', '161943fb-998c-4be8-aabb-72d865aa902c', '8ff1d5e8-d017-4279-8027-649beadc0a38', 'Nurse1', '2026-03-02 21:26:28.205179', 120, 120, 60, 98.0, 35.0, 60, 90.0, 'Not yet', '{''heart_rate'': True, ''oxygen_saturation'': False, ''temperature'': True, ''respiratory_rate'': True, ''glucose_level'': False, ''systolic_bp'': False, ''diastolic_bp'': False}');

-- ─── medications ───
INSERT INTO medications (id, patient_id, name, dosage, route, frequency, scheduled_time, administered_time, administered_by_id, administered_by_name, is_injection, is_administered, notes, prescribed_by_id, prescribed_by_name, created_at) VALUES ('23d30447-596d-4961-995c-92ce79b46af5', '161943fb-998c-4be8-aabb-72d865aa902c', 'Paracetamol', '500mg', 'oral', 'tid', NULL, '2026-03-02 21:28:23.501904', '8ff1d5e8-d017-4279-8027-649beadc0a38', 'Nurse1', false, true, NULL, '8ff1d5e8-d017-4279-8027-649beadc0a38', 'Nurse1', '2026-03-02 21:28:19.366973');

-- ─── messages ───
INSERT INTO messages (id, sender_id, sender_name, sender_role, receiver_id, receiver_name, patient_id, patient_name, content, type, sent_at, is_delivered, is_read, delivered_at, read_at, attachment_url, voice_note_path, voice_duration_seconds) VALUES ('91fafc04-ea27-4465-9be3-cc67685251c0', '8ff1d5e8-d017-4279-8027-649beadc0a38', 'Nurse1', 'nurse', 'f6bd7c09-dd5a-4294-b323-666c05af4452', 'Doctor1', '30531616-d0b3-41c7-9678-07751b57c326', 'Pranav', 'Hi', 'text', '2026-03-02 21:22:55.061441', true, false, '2026-03-02 21:22:55.059771', NULL, NULL, NULL, NULL);
INSERT INTO messages (id, sender_id, sender_name, sender_role, receiver_id, receiver_name, patient_id, patient_name, content, type, sent_at, is_delivered, is_read, delivered_at, read_at, attachment_url, voice_note_path, voice_duration_seconds) VALUES ('4896eeaa-c1cb-4df8-9d2e-4c2d062e8e59', 'f6bd7c09-dd5a-4294-b323-666c05af4452', 'Doctor1', 'doctor', '8ff1d5e8-d017-4279-8027-649beadc0a38', 'Nurse1', '30531616-d0b3-41c7-9678-07751b57c326', 'Pranav', 'check it', 'text', '2026-03-02 21:23:39.429106', true, false, '2026-03-02 21:23:39.428580', NULL, NULL, NULL, NULL);
INSERT INTO messages (id, sender_id, sender_name, sender_role, receiver_id, receiver_name, patient_id, patient_name, content, type, sent_at, is_delivered, is_read, delivered_at, read_at, attachment_url, voice_note_path, voice_duration_seconds) VALUES ('19e13a07-7929-48ed-80e0-0fc9359e4978', '8ff1d5e8-d017-4279-8027-649beadc0a38', 'Nurse1', 'nurse', 'f6bd7c09-dd5a-4294-b323-666c05af4452', 'Doctor1', '161943fb-998c-4be8-aabb-72d865aa902c', 'Pranavvv', 'hi doc pls check patient', 'text', '2026-03-02 21:26:47.259839', true, false, '2026-03-02 21:26:47.259596', NULL, NULL, NULL, NULL);
INSERT INTO messages (id, sender_id, sender_name, sender_role, receiver_id, receiver_name, patient_id, patient_name, content, type, sent_at, is_delivered, is_read, delivered_at, read_at, attachment_url, voice_note_path, voice_duration_seconds) VALUES ('4133fa76-e1a3-4829-b60e-e6a52bff4e3a', 'f6bd7c09-dd5a-4294-b323-666c05af4452', 'Doctor1', 'doctor', '8ff1d5e8-d017-4279-8027-649beadc0a38', 'Nurse1', '161943fb-998c-4be8-aabb-72d865aa902c', 'Pranavvv', 'ok i will', 'text', '2026-03-02 21:27:38.560084', true, false, '2026-03-02 21:27:38.559856', NULL, NULL, NULL, NULL);
INSERT INTO messages (id, sender_id, sender_name, sender_role, receiver_id, receiver_name, patient_id, patient_name, content, type, sent_at, is_delivered, is_read, delivered_at, read_at, attachment_url, voice_note_path, voice_duration_seconds) VALUES ('231717b6-773c-4ebf-9a91-1ce2cb9d75a4', '8ff1d5e8-d017-4279-8027-649beadc0a38', 'Nurse1', 'nurse', 'f6bd7c09-dd5a-4294-b323-666c05af4452', 'Doctor1', '161943fb-998c-4be8-aabb-72d865aa902c', 'Pranavvv', 'thank doc', 'text', '2026-03-02 21:28:32.883015', true, false, '2026-03-02 21:28:32.882832', NULL, NULL, NULL, NULL);
INSERT INTO messages (id, sender_id, sender_name, sender_role, receiver_id, receiver_name, patient_id, patient_name, content, type, sent_at, is_delivered, is_read, delivered_at, read_at, attachment_url, voice_note_path, voice_duration_seconds) VALUES ('0facfa17-29e7-46ec-baf7-b6d72a862e49', 'f6bd7c09-dd5a-4294-b323-666c05af4452', 'Doctor1', 'doctor', '8ff1d5e8-d017-4279-8027-649beadc0a38', 'Nurse1', '161943fb-998c-4be8-aabb-72d865aa902c', 'Pranavvv', 'Hi doc', 'text', '2026-03-03 07:47:10.693622', true, false, '2026-03-03 07:47:10.692027', NULL, NULL, NULL, NULL);
INSERT INTO messages (id, sender_id, sender_name, sender_role, receiver_id, receiver_name, patient_id, patient_name, content, type, sent_at, is_delivered, is_read, delivered_at, read_at, attachment_url, voice_note_path, voice_duration_seconds) VALUES ('d36a26d5-4b73-451e-9eeb-3ff96ec91b6f', '8ff1d5e8-d017-4279-8027-649beadc0a38', 'Nurse1', 'nurse', 'f6bd7c09-dd5a-4294-b323-666c05af4452', 'Doctor1', '161943fb-998c-4be8-aabb-72d865aa902c', 'Pranavvv', 'Hi', 'text', '2026-03-03 08:09:27.078949', true, false, '2026-03-03 08:09:27.078629', NULL, NULL, NULL, NULL);

-- ─── tasks ───
INSERT INTO tasks (id, title, description, is_completed, due_date, patient_id, patient_name, assigned_nurse_id, assigned_nurse_name, ward_number, created_at, completed_by_nurse_id, completed_by_nurse_name, completed_at) VALUES ('98545054-1b00-4577-a69d-1f4f07938008', 'check bp', NULL, true, NULL, NULL, NULL, '8ff1d5e8-d017-4279-8027-649beadc0a38', 'Nurse1', 1, '2026-03-02 21:28:40.394783', '8ff1d5e8-d017-4279-8027-649beadc0a38', 'Nurse1', '2026-03-02 21:28:41.467787');

-- ─── emergency_escalations ───
INSERT INTO emergency_escalations (id, patient_id, patient_name, ward_number, bed_number, severity, reason, status, triggered_by_id, triggered_by_name, triggered_at, resolved_by_id, resolved_by_name, resolved_at, resolution_notes) VALUES ('9ccc8a9f-6825-48dc-8f46-ac3b4d4f61b8', '30531616-d0b3-41c7-9678-07751b57c326', 'Pranav', 1, 1, 'critical', 'Code Blue', 'acknowledged', '8ff1d5e8-d017-4279-8027-649beadc0a38', 'Nurse1', '2026-03-03 07:45:08.888449', NULL, NULL, NULL, NULL);

-- ─── audit_logs ───
INSERT INTO audit_logs (id, user_id, action, entity_type, entity_id, timestamp, metadata) VALUES ('dd485340-2a7e-4f33-88c5-410c15d6a3f4', '8ff1d5e8-d017-4279-8027-649beadc0a38', 'trigger_emergency', 'emergency', '9ccc8a9f-6825-48dc-8f46-ac3b4d4f61b8', '2026-03-03 07:45:08.882952', '{''patient_id'': ''30531616-d0b3-41c7-9678-07751b57c326'', ''severity'': ''critical'', ''reason'': ''Code Blue''}');
INSERT INTO audit_logs (id, user_id, action, entity_type, entity_id, timestamp, metadata) VALUES ('90fad215-7983-4c06-b742-46b4665bae83', 'f6bd7c09-dd5a-4294-b323-666c05af4452', 'acknowledge_emergency', 'emergency', '9ccc8a9f-6825-48dc-8f46-ac3b4d4f61b8', '2026-03-03 07:45:58.253900', NULL);
